Scheme Code,Scheme Name
103490,Quantum Long Term Equity Value Fund - Direct Plan Growth Option
103734,Quantum Liquid Fund - Direct Plan Growth Option
111549,Quantum Tax Saving Fund - Direct Plan Growth Option
112039,Quantum Equity Fund of Funds - Direct Plan Growth Option
115132,Quantum Gold Savings Fund - Direct Plan Growth Option
116811,IDBI Dynamic Bond Fund Growth Direct
117608,Quantum Multi Asset Fund - Direct Plan Growth Option
118266,Canara Robeco Nifty Index-Direct Plan - Growth
118267,Canara Robeco Infrastructure-Direct Plan - Growth
118269,Canara Robeco Large Cap+ Fund - Direct Plan - Growth
118272,Canara Robeco Balance - Direct Plan - Growth
118273,Canara Robeco F.O.R.C.E Fund - Direct Plan - Growth
118275,Canara Robeco Equity Diversified-Direct Plan -Growth Option
118278,Canara Robeco Emerging Equities-Direct Plan-Growth Option
118282,Canara Robeco Income-Direct Plan - Growth Option
118284,Canara Robeco Dynamic Bond Fund - Direct Plan - Growth
118285,Canara Robeco Equity Taxsaver - Direct Plan - Growth Option
118291,Canara Robeco Savings Plus Fund-Direct Plan - Growth Option
118297,Canara Robeco Gilt Advantage Fund - Direct Plan - Growth Option
118299,Canara Robeco Gilt PGS-Direct Plan - Growth option
118301,Canara Robeco Gold Savings Fund - Direct Plan - Growth Option
118302,Canara Robeco InDiGo Fund - Direct Plan - Growth
118305,Canara Robeco Liquid- Direct Plan-Growth
118309,Canara Robeco Monthly Income Plan-Direct Plan - Growth Option
118312,Canara Robeco Short Term Fund- Direct Plan - Growth
118317,Canara Robeco Treasury Advantage Fund - Direct Plan- Growth option
118320,Canara Robeco Yield Advantage Fund - Direct Plan - Growth
118341,IDBI Gilt Fund Growth Direct
118344,IDBI India Top 100 Equity Fund Growth Direct
118345,IDBI Liquid Fund Growth Direct
118347,IDBI NIFTY Index Fund Growth Direct
118348,IDBI Nifty Junior Index Fund Growth Direct
118349,IDBI Short Term Bond Fund Growth Direct
118350,IDBI UST Growth Direct
118364,IDFC Cash Fund -Direct Plan -Growth
118371,IDFC  Ultra Short Term Fund-Direct Plan-Growth
118379,IDFC Money Manager Fund - Investment Plan-Direct Plan-Growth
118384,IDFC Money Manager Fund - Treasury Plan -Direct Plan-Growth
118387,IDFC Government Securities Fund - Short Term -Direct Plan-Growth
118394,IDFC Bond Fund - Long Term Plan - Direct Plan-Growth
118401,IDFC Bond Fund - Medium Term Plan-Direct Plan-Growth
118407,IDFC   Super Saver Income Fund - Short Term-Direct Plan-Growth
118410,IDFC   All Seasons Bond Fund-Direct Plan-Growth
118416,IDFC  Dynamic Bond Fund-Direct Plan-Growth
118419,IDFC Classic Equity Fund-Direct Plan-Growth
118421,IDFC Focused Equity Fund-Direct Plan-Growth
118424,IDFC Premier Equity Fund-Direct Plan-Growth
118426,IDFC  50-50 Strategic Sector Fund-Direct Plan-Growth
118427,Indiabulls Gilt Fund - Direct Plan -  Growth Option
118452,IDBI Equity Savings Fund Growth Option Direct
118464,IDFC  Government Securities Fund-  Investment Plan-Direct Plan-Growth
118469,IDFC  Infrastructure Fund-Direct Plan-Growth
118470,IDFC  India GDP Growth Fund-Direct Plan-Dividend
118471,IDFC  India GDP Growth Fund-Direct Plan-Growth
118473,IDFC Tax Advantage  (ELSS) Fund-Direct Plan-Growth
118474,IDFC  Arbitrage Fund-Direct Plan- Growth
118477,IDFC Equity Savings Fund-Direct Plan-Growth
118479,IDFC Equity Fund-Direct Plan-Growth
118481,IDFC Sterling Equity Fund-Direct Plan-Growth
118482,IDFC Nifty Fund-Direct Plan-Growth
118485,IDFC  Asset Allocation Fund Of Fund-Aggressive Plan-Direct Plan-Growth
118486,IDFC  Asset Allocation Fund Of Fund-Conservative Plan-Direct Plan-Growth
118491,IDFC  Monthly Income Plan-Direct Plan-Growth
118493,Templeton India Growth Fund-Direct - Dividend
118494,Templeton India Growth Fund - Direct - Growth
118495,Franklin India Dynamic Accrual Fund - Direct - Growth
118498,Franklin India GOVERNMENT SECURITIES FUND - Long Term Plan - Direct - Growth
118499,Franklin India GOVERNMENT SECURITIES FUND TREASURY PLAN - Direct - Growth
118502,Franklin India GOVERNMENT SECURITIES FUND - Composite Plan - Direct - Growth
118504,Franklin India GOVERNMENT SECURITIES FUND PF PLAN - Direct - Growth
118506,Franklin India Savings Plus Fund - Direct - Growth
118508,Franklin India Cash Management Account - Direct - Growth
118510,Franklin India FLEXI CAP FUND - Direct - Growth
118512,Franklin INDIA LIFE STAGE FUND OF FUNDS - THE 20S PLAN - Direct - Growth
118514,Franklin India Life Stage Fund of Funds - The 30s Plan - Direct - Growth
118516,Franklin India Life Stage Fund of Funds - The 40s Plan - Direct - Growth
118518,Franklin India Life Stage Fund of Funds - The 50s Plus - Direct - Growth
118519,Franklin India Life Stage Fund Of Funds - The 50S Plus Floating Rate Plan - Direct - Growth
118521,Templeton India CHILDREN's ASSET PLAN EDUCATION - Direct - Growth
118523,Templeton India CHILDREN's ASSET PLAN GIFT - Direct - Growth
118525,Franklin India Smaller Companies Fund - Direct - Growth
118527,Templeton India EQUITY INCOME FUND - Direct - Growth
118530,Franklin India Low Duration Fund - Direct - Growth
118531,Franklin India Bluechip Fund- Direct - Growth
118533,Franklin India PRIMA FUND - Direct - Growth
118535,Franklin India PRIMA PLUS - Direct - Growth
118537,Franklin India Technology Fund - Direct - Growth
118539,Franklin INDIA OPPORTUNITIES FUND - Direct - Growth
118540,Franklin India TAXSHIELD - Direct - Growth
118543,Franklin India Dynamic PE Ratio Fund Of Funds - Direct - Growth
118545,Franklin India INDEX FUND BSE PLAN - Direct - Growth
118546,Franklin India BALANCED FUND - Direct - Growth
118548,Franklin India  PENSION PLAN - Direct - Growth
118551,Franklin India Feeder - Franklin US Opportunities Fund - Direct - Growth
118553,Franklin India Corporate Bond Opportunities Fund - Direct - Growth
118554,Franklin India Income Opportunities Fund - Direct - Growth
118557,Franklin Build India Fund - Direct - Growth
118559,Franklin Asian Equity Fund - Direct - Growth
118560,Franklin India Ultra Short Bond Fund - Super Institutional Plan - Direct - Growth
118563,Franklin India High Growth Companies Fund - Direct - Dividend
118564,Franklin India High Growth Companies Fund - Direct - Growth
118565,Franklin India SHORT TERM INCOME PLAN - Direct - GROWTH
118569,Franklin India INCOME BUILDER ACCOUNT - Direct - GROWTH
118574,Franklin India MONTHLY INCOME PLAN - Direct - GROWTH
118577,Franklin India TREASURY MANAGEMENT ACCOUNT - Super Instittutional - Direct - Growth
118581,Franklin India INDEX FUND NIFTY PLAN - Direct - Growth
118583,Reliance Quarterly Interval Fund - Series III - Direct Plan Growth Plan - Growth
118585,Reliance Arbitrage Fund - Direct Plan Growth Plan - Growth Option
118588,Reliance Banking Fund - Direct Plan Growth Plan - Bonus Option
118589,Reliance Banking Fund - Direct Plan Growth Plan - Growth Option
118595,Reliance Monthly Interval Fund - Series II - Direct Plan Growth Plan - Growth
118598,Reliance Monthly Interval Fund - Series I - Direct Plan Growth Plan - Growth
118601,Goldman Sachs India Equity Fund - Direct Plan -Growth Option
118604,Goldman Sachs Short Term Fund - Direct Plan - Growth Option
118606,Goldman Sachs CNX 500 Fund - Direct Plan - Growth Option
118610,Reliance Liquid Fund - Cash Plan - Direct Plan - Growth Plan - Growth Option
118615,Edelweiss Balanced Advantage Fund -Direct Plan-Growth Option
118617,Edelweiss Large Cap Fund - Direct Plan-Growth option
118620,Edelweiss Long Term Equity Fund (Tax Savings) - Direct Plan-Growth Option
118623,Reliance Interval Fund - Quarterly Plan - Series I - Direct Plan Growth Plan - Growth
118624,Edelweiss Multi-Asset Allocation Fund-Direct Plan-Growth Option
118631,Edelweiss Gilt Fund -Direct Plan-Growth Option
118632,Reliance Large Cap Fund - Direct Plan Growth Plan - Growth Option
118633,Reliance Large Cap Fund - Direct Plan Growth Plan - Bonus Option
118636,Edelweiss Liquid Fund-Direct Plan-Growth Option
118638,Edelweiss Equity Savings Advantage Fund- Direct Plan- Growth Option
118641,Reliance Focused Large Cap Fund - Direct Plan Growth Plan - Bonus Option
118643,Reliance Focused Large Cap Fund - Direct Plan Growth Plan - Growth Option
118644,Edelweiss Emerging Leaders Fund - Direct Plan- Growth
118646,Edelweiss Short Term Income Fund - Direct Plan- Growth Option
118648,Edelweiss Bond Fund  -Direct Plan- Growth Option
118650,Reliance Multi Cap Fund - Direct Plan Growth Plan - Growth Option
118651,Reliance Multi Cap Fund - Direct Plan Growth Plan - Bonus Option
118656,Reliance Floating Rate Fund - Short Term Plan - Direct Plan Growth Plan - Growth Option
118663,Reliance Gold Savings Fund - Direct Plan Growth Plan - Growth Option
118665,Reliance Growth Fund - Direct Plan Growth Plan - Bonus Option
118666,Reliance Growth Fund - Direct Plan Dividend Plan
118668,Reliance Growth Fund - Direct Plan Growth Plan - Growth Option
118672,Reliance Gilt Securities Fund - Direct Plan Growth Plan - Growth Option
118675,Reliance Vision Fund - Direct Plan Growth Plan - Bonus Option
118678,Reliance Vision Fund - Direct Plan Growth Plan - Growth Option
118679,Reliance Income Fund - Direct Plan Growth Plan-Bonus Option
118687,Reliance Income Fund - Direct Plan Growth Plan - Growth Option
118691,Reliance Quarterly Interval Fund - Series II - Direct Plan Growth Plan - Growth
118692,Reliance Focused Equity Fund - Direct Plan Growth Plan - Growth Option
118701,Reliance Liquid Fund - Treasury Plan - Direct Plan Growth Plan - Growth Option
118702,Reliance Money Manager Fund - Direct Plan Growth Plan - Bonus Option
118709,Reliance Money Manager Fund - Direct Plan Growth Plan - Growth Option
118715,Reliance Liquidity Fund - Direct Plan Growth Plan - Bonus Option
118719,Reliance Liquidity Fund - Direct Plan Growth Plan - Growth Option
118722,Reliance Consumption Fund - Direct Plan Growth Plan - Bonus
118724,Reliance Consumption Fund - Direct Plan Growth Plan - Growth Option
118726,Reliance Monthly Income Plan - Direct Plan Growth Plan - Growth Option
118736,Reliance Balanced Advantage Fund - Direct Plan Growth Plan - Growth Option
118737,Reliance Balanced Advantage Fund - Direct Plan Growth Plan - Bonus Option
118741,Reliance Index Fund - Nifty Plan - Direct Plan Growth Plan - Growth Option
118742,Reliance Index Fund - Nifty Plan - Direct Plan Growth Plan - Bonus Option
118747,Reliance Dynamic Bond Fund - Direct Plan Growth Plan - Growth Option
118753,Reliance Natural Resources Fund - Direct Plan Growth Plan - Growth Option - Growth
118758,Reliance Pharma Fund - Direct Plan Growth Plan - Bonus Option
118759,Reliance Pharma Fund - Direct Plan Growth Plan - Growth Option
118762,Reliance Power & Infra Fund - Direct Plan Growth Plan - Bonus Option
118763,Reliance Power & Infra Fund - Direct Plan Growth Plan - Growth Option
118766,IDFC  Government Securities Fund - Provident Fund -Direct Plan-Growth
118769,Reliance Quant Fund - Direct Plan Growth Plan - Growth Option
118770,Reliance Quant Fund - Direct Plan Growth Plan - Bonus Option
118773,Reliance Infrastructure Fund - Direct Plan Growth Plan - Growth
118774,Reliance Infrastructure Fund - Direct Plan Growth Plan - Bonus Option - Bonus
118777,Reliance Small Cap Fund - Direct Plan Growth Plan - Bonus Option
118778,Reliance Small Cap Fund - Direct Plan Growth Plan - Growth Option
118780,Reliance Regular Savings Fund - Debt Option - Direct Plan - Growth Plan
118784,Reliance Value Fund - Direct Plan Growth Plan
118785,Reliance Index Fund - Sensex Plan - Direct Plan Growth Plan - Bonus Option
118791,Reliance Index Fund - Sensex Plan - Direct Plan Growth Plan - Growth Option
118794,Reliance Equity Hybrid Fund  - Direct Plan Growth Plan
118796,Reliance Short Term Fund - Direct Plan Growth Plan - Growth Option
118803,Reliance Tax Saver Fund - Direct Plan Growth Plan - Growth Option
118804,Reliance Annual Interval Fund - Series I - Direct Plan Growth Plan - Growth
118807,Reliance Medium Term Fund - Direct Plan Growth Plan - Bonus
118814,Reliance Medium Term Fund - Direct Plan Growth Plan - Growth Option
118820,Indiabulls Gilt Fund - Indirect Plan - Growth Option
118825,Mirae Asset India Equity Fund - Direct Plan - Growth
118828,Mirae Asset Global Commodity Stocks - Direct Plan - Growth
118831,Mirae Asset China Advantage Fund - Direct Plan - Growth
118834,Mirae Asset Emerging Bluechip Fund - Direct Plan - Growth
118837,Mirae Asset Great Consumer Fund - Direct Plan - Growth
118840,Mirae Asset Savings Fund - Direct Plan - Growth
118847,Mirae Asset Short Term Bond Fund - Direct Plan - Growth
118857,Mirae Asset Liquid Fund - Direct Plan - Growth
118859,Mirae Asset Cash Management Fund - Direct Plan - Growth
118866,Taurus Tax Shield-Direct Plan-Growth Option
118868,Taurus Banking & Financial Services Fund-Direct Plan-Growth Option
118870,Taurus Bonanza Fund-Direct Plan-Growth Option
118872,Taurus Discovery Fund-Direct Plan-Growth Option
118874,Taurus Dynamic Income Fund-Direct Plan-Growth Option
118876,Taurus Ethical Fund-Direct Plan-Growth Option
118879,Taurus Infrastructure Fund-Direct Plan-Growth Option
118881,Taurus Nifty Index Fund-Direct Plan-Growth Option
118883,Taurus Starshare-Direct Plan-Growth Option
118885,Taurus MIP Advantage-Direct Plan-Growth Option
118887,Taurus Gilt Fund-Direct Plan-Growth Option
118889,Taurus Short Term Income Fund-Direct Plan-Growth Option
118893,Taurus Liquid Fund-Direct Plan-SI Growth Option
118894,Taurus Ultra Short Term Bond Fund-Direct Plan-SI Growth Option
118924,DSP BlackRock Bond Fund - Direct Plan - Growth
118927,HDFC Focused Large-Cap Fund -Direct Plan - Growth Option
118929,HDFC Long Term Advantage Fund -Direct Plan - Growth Option
118931,HDFC Arbitrage Fund -Direct Plan - Growth Option
118933,HDFC Balanced Fund -Direct Plan - Growth Option
118935,HDFC Capital Builder Fund -Direct Plan - Growth Option
118936,DWS Alpha Equity Fund - Direct Plan - Growth
118939,DWS Investment Opportunity Fund - Direct Plan - Growth
118942,HDFC CM Treasury Advantage Plan -Direct Plan - Retail Growth Option
118946,DWS Tax Saving Fund - Direct Plan - Growth
118950,HDFC Core & Satellite Fund -Direct Plan - Growth Option
118951,DWS Top Euroland Offshore Fund - Direct Plan - Growth
118955,HDFC Equity Fund -Direct Plan - Growth Option
118958,DWS Global Agribusiness Offshore Fund - Direct Plan - Growth
118961,HDFC Floating Rate Income Fund Short -Direct Plan - Wholesale Growth Option
118965,DWS Equity Income Fund - Direct Plan - Growth
118968,HDFC Growth Fund -Direct Plan - Growth Option
118969,HDFC Growth Fund -Direct Plan - Dividend Option
118972,DWS Income Advantage Fund - Direct Plan - Growth
118975,DWS Premier Bond Fund - Direct Plan - Growth
118979,HDFC Infrastructure Fund -Direct Plan - Growth Option
118982,DWS Short Maturity Fund - Direct Plan - Growth
118987,HDFC Medium Term Opportunities Fund -Direct Plan - Growth Option
118989,HDFC Mid Cap Opportunities Fund -Direct Plan - Growth Option
118991,HDFC Prudence Fund -Direct Plan - Growth Option
118994,DSP BlackRock Regular Savings Fund - Direct Plan - Growth
119000,DWS Insta Cash Plus Fund - Direct Plan - Growth
119009,DWS Treasury Fund - Cash Plan - Direct Plan - Growth
119016,HDFC Short Term Opportunities Fund -Direct Plan - Growth Option
119018,HDFC Top 200 Fund -Direct Plan - Growth Option
119019,DSP BlackRock Equity & Bond Fund - Direct Plan - Growth
119022,DWS Treasury Fund - Investment - Direct Plan - Growth
119028,DSP BlackRock Natural Resources and New Energy Fund - Direct Plan - Growth
119033,DWS Low Duration Fund - Direct Plan - Growth
119038,DWS Ultra Short Term Fund - Direct Plan - Growth
119049,DWS Cash Opportunities Fund - Direct Plan - Growth
119053,Tata Balanced Fund -Direct Plan- Growth
119054,DWS Gilt Fund - Direct Plan - Growth
119060,HDFC TaxSaver -Direct Plan - Growth Option
119062,HDFC Premier Multicap -Direct Plan - Growth Option
119069,HDFC Income Fund -Direct Plan - Growth Option
119071,DSP BlackRock Midcap Fund - Direct Plan - Growth
119075,HDFC High Interest Fund - Dynamic Plan -Direct Plan - Growth Option
119076,DSP BlackRock Equity Fund - Direct Plan - Growth
119079,HDFC Regular Savings Fund -Direct Plan - Growth Option
119081,HDFC HIF Short Term -Direct Plan - Growth Option
119082,DSP BlackRock Credit Risk Fund - Direct Plan - Growth
119091,HDFC Liquid Fund -Direct Plan - Growth Option
119092,HDFC CM Savings -Direct Plan - Growth Option
119096,DSP BlackRock Focus Fund - Direct Plan - Growth
119097,Tata Dynamic Bond Fund- Direct Plan-Growth
119099,DSP BlackRock Government Securities Fund - Direct Plan - Growth
119104,Tata Corporate Bond Fund- Direct Plan-Growth
119106,DSP BlackRock Savings Fund - Direct Plan - Growth
119110,HDFC CM Call Plan -Direct Plan - Growth Option
119112,HDFC Floating Rate Income Fund Long -Direct Plan - Growth Option
119114,HDFC Gilt Fund Short Term Plan -Direct Plan - Growth Option
119116,HDFC Gilt Fund Long Term Plan -Direct Plan - Growth Option
119118,HDFC MF MIP LTP -Direct Plan - Growth Option
119121,HDFC MF MIP STP -Direct Plan - Growth Option
119125,DSP BlackRock Liquidity Fund - Direct Plan - Growth
119127,Tata Medium Term Fund- Direct Plan- Growth
119128,HDFC Equity Savings Fund -Direct Plan - Growth Option
119131,HDFC Multiple Yield Fund Plan 2005-Direct Plan - Growth Option
119133,Indiabulls Blue Chip Fund - Direct Plan - Growth Option
119135,Indiabulls Liquid Fund - Direct Plan - Growth Option
119140,Morgan Stanley Growth Fund - Direct Growth Plan
119141,Morgan Stanley Growth Fund -  Direct Dividend Plan
119143,Indiabulls Ultra Short Term Fund - Direct Plan - Growth Option
119148,Essel Large Cap Equity Fund-Direct Plan-Growth Option
119150,Morgan Stanley A.C.E. Fund-Direct Growth Plan
119151,ESSEL FLEXIBLE INCOME FUND-DIRECT PLAN-GROWTH OPTION
119156,Essel Regular Savings Fund-Direct Plan-Growth Option
119160,Tata Large Cap Fund -Direct Plan Growth
119164,Essel Liquid Fund-Direct Plan-Growth Option
119165,Morgan Stanley Active Bond Fund - Direct Growth Plan
119168,Essel Short Term Fund-Direct Plan-Growth Option
119172,Tata Ethical Fund -Direct Plan Growth
119173,Morgan Stanley Liquid Fund - Direct Growth Plan
119176,Essel 3 in 1 Fund-Direct Plan-Growth Option
119177,Tata Mid Cap Growth Fund - Direct Plan Dividend
119178,Tata Mid Cap Growth Fund - Direct Plan Growth
119181,Daiwa Liquid Fund - Direct - Growth
119182,Tata Mid Cap Growth Fund - Direct Plan Bonus(Growth)
119184,Daiwa Treasury Advantage Fund - Direct - Growth
119186,Essel Ultra Short Term Fund - Direct Plan-Growth Option
119189,Tata Equity Management Fund - Direct Plan Growth
119194,Daiwa Industry Leaders Fund - Direct - Growth
119196,Daiwa Government Securities Fund - Short Term Plan - Direct - Growth Option
119202,Tata Equity Opportunities Fund -Direct Plan Growth
119205,DSP BlackRock Money Manager Fund - Direct Plan - Growth
119208,Morgan Stanley Multi Asset Fund- Plan A - Direct Growth Plan
119212,DSP BlackRock Small Cap Fund - Direct Plan - Growth
119215,Morgan Stanley Multi Asset Fund- Plan B - Direct Growth Plan
119218,DSP BlackRock Equity Opportunities Fund - Direct Plan - Growth
119226,DSP BlackRock Short Term Fund - Direct Plan - Growth
119227,Morgan Stanley Short Term Bond Fund - Direct Growth
119231,Tata Equity P/E Fund -Direct Plan Growth
119234,Tata Dividend Yield Fund-Direct Plan Growth
119239,DSP BlackRock Strategic Bond Fund - Direct Plan - Growth
119242,DSP BlackRock Tax Saver Fund - Direct Plan - Growth
119243,Tata Infrastructure Fund -Direct Plan Growth
119245,DSP BlackRock Technology.com Fund - Direct Plan - Growth
119247,DSP BlackRock India T.I.G.E.R. Fund - Direct Plan - Growth
119250,DSP BlackRock Top 100 Equity Fund - Direct Plan - Growth
119251,Tata Retirement Savings Fund-Direct Plan Growth
119252,DSP BlackRock US Flexible Equity Fund - Direct Plan - Growth
119255,Tata Retirement Savings Fund Moderate -Direct Plan Growth
119256,Tata Retirement Savings Fund Conservative-Direct Plan Growth
119259,Tata Indo-Global Infrastructure Fund-Direct Plan Growth
119269,Tata Growing Economies Infrastructure Fund Scheme A-Direct Plan Growth
119271,DSP BlackRock World Agriculture Fund - Direct Plan - Growth
119273,Tata Growing Economies Infrastructure Fund Scheme B-Direct Plan Growth
119275,DSP BlackRock World Energy Fund - Direct Plan - Growth
119277,DSP BlackRock World Gold Fund - Direct Plan - Growth
119279,DSP BlackRock World Mining Fund - Direct Plan - Growth
119283,L&T  Cash Fund - Direct Plan - Growth
119291,L&T Equity Fund-Direct Plan-Growth
119292,Union Equity Fund - Direct Plan - Growth Option
119296,Tata Young Citizens' Fund [Upto 3 years]-Direct Plan Growth
119298,L&T Dynamic Equity Fund-Direct Plan-Growth
119299,Tata Young Citizens' Fund [> 3 years upto 7 years]-Direct Plan Growth
119303,Union Liquid Fund - Direct Plan - Growth Option
119307,Union Tax Saver Scheme - Direct Plan - Growth Option
119308,L&T India Large Cap Fund - Direct Plan - Growth
119311,Union Dynamic Bond Fund - Direct Plan - Growth Option
119312,Tata Young Citizens' Fund-(After 7 years)-Direct Plan  Growth
119317,Baroda Pioneer PSU Bond Fund - Plan B (Direct) - Growth Option
119318,Union Short Term Fund - Direct Plan - Growth Option
119323,Tata Contra Fund -Direct Plan Growth
119326,BARODA PIONEER BALANCE FUND - Plan B (Direct) - Growth Option
119327,Union Asset Allocation Fund - Direct Plan - Growth Option
119330,Union KBC Asset Allocation Fund - Conservative Plan - Direct Plan - Growth Option
119331,PineBridge India Equity Fund- Direct Plan- Growth Option
119333,Baroda Pioneer Banking and Financial Services Fund - Plan B (Direct) - Growth Option
119337,Baroda Pioneer Dynamic Bond Fund - Plan B (Direct) - Growth Option
119341,BARODA PIONEER GILT FUND - Plan B (Direct) - Growth Option
119343,PineBridge Infrastructure & Economic Reform Fund- Direct Plan- Growth Option
119344,PineBridge World Gold Fund- Direct Plan- Growth Option
119347,L&T India Prudence Fund - Direct Plan-Growth
119350,BOI AXA Large & Mid Cap Equity Fund Direct Plan-Growth
119351,OI AXA Tax Advantage Fund-Direct Plan- Growth
119353,BARODA PIONEER GROWTH FUND - Plan B (Direct) - Dividend Option
119354,BARODA PIONEER GROWTH FUND - Plan B (Direct) - Growth Option
119360,PineBridge India Liquid Fund- Direct Plan- Growth Option
119362,BARODA PIONEER INCOME FUND - Plan B (Direct) - Growth Option
119364,BOI AXA Manufacturing & Infrastructure Fund-Direct Plan-Growth
119367,Baroda Pioneer Large cap Fund - Plan B (Direct) - Growth Option
119369,BOI AXA Liquid Fund- Direct Plan- Growth
119372,IIFL Dividend Opportunities Index Fund-Direct Plan - Growth
119376,PineBridge India Total Return Bond Fund- Direct Plan- Growth Option
119379,BOI AXA Ultra Short Duration Fund- Direct Plan- Growth
119382,BOI AXA Short Term Income Fund-Direct Plan- Growth
119385,PineBridge India Short Term Fund- Direct Plan- Growth Option
119389,BARODA PIONEER MIP FUND - Plan B (Direct) - Growth Option
119392,Baroda Pioneer Mid-cap Fund- Plan B (Direct) - Growth Option
119393,BOI AXA Conservative Hybrid Fund Fund-Direct Plan-Growth
119397,L&T India Special Situations Fund-Direct Plan-Growth
119400,Baroda Pioneer Short Term Bond Fund - Plan B (Direct) - Growth Option
119404,L&T India Value Fund-Direct Plan-Growth
119407,L&T Indo Asia Fund-Direct Plan-Growth Option
119410,Baroda Pioneer Treasury Advantage Fund - Plan B (Direct) - Growth Option
119413,L&T Infrastructure Fund -Direct Plan-Growth
119415,BARODA PIONEER LIQUID FUND - PLAN B (DIRECT) - GROWTH OPTION
119417,L&T  Tax Advantage Fund-Direct Plan-Growth
119420,L&T Global Real Assets Fund-Direct Plan-Growth Option
119424,Tata Liquid Fund- Direct Plan- Growth
119425,L&T Gilt Fund - Direct Plan - Growth
119428,L&T Flexi Bond Fund - Direct Plan- Growth
119431,L&T Floating Rate Fund -Direct Plan- Growth
119434,Principal Retail Equity Savings Fund - Direct Plan - Growth Option
119436,Aditya Birla Sun Life Advantage Fund - Growth - Direct Plan
119438,Principal Dividend Yield Fund - Direct Plan - Growth Option
119441,Principal Emerging Bluechip Fund - Direct Plan - Growth Option
119444,Tata Liquidity Management Fund- Direct Plan-Growth
119448,Principal Low Duration Fund - Direct Plan - Growth Option
119450,Principal Credit Opportunities Fund - Direct Plan - Growth Option
119451,Principal Multi Cap Growth Fund - Direct Plan -Half Yearly Dividend Option
119452,Principal Multi Cap Growth Fund-Direct Plan - Growth Option
119453,Principal Government Securities Fund-Direct Plan - Growth Option
119457,Principal Global Opportunities Fund-Direct Plan - Growth Option
119461,Principal Dynamic Bond Fund - Direct Plan - Growth Option
119462,Principal Short Term Income Fund- Direct Plan  - Growth Option
119464,Principal Large Cap Fund- Direct Plan - Growth Option
119468,Principal Cash Management Fund - Direct Plan - Growth Option
119472,Principal Equity Savings Fund - Direct Plan - Growth Option
119474,Principal Money Manager Fund- Direct Plan -Growth Option
119479,Principal Debt Savings Fund  - Direct Plan -Growth Option
119480,Principal Bank CD Fund - Direct Plan - Growth Option
119482,Principal Smart Equity Fund - Direct Plan - Growth Option
119484,Principal Balanced Fund- Direct Plan - Growth Option
119488,Principal Index Fund- Nifty - Direct Plan - Growth Option
119490,Aditya Birla Sun Life Asset Allocation-Conservative Plan - Growth - Direct Plan
119493,Aditya Birla Sun Life Asset Allocation - Aggressive Plan - Growth - Direct Plan
119495,Aditya Birla Sun Life Asset Allocation - Moderate Plan - Growth - Direct Plan
119498,Aditya Birla Sun Life Short Term Opportunities Fund - Growth - Direct Plan
119501,Aditya Birla Sun Life Savings Fund - Growth - Direct Plan
119505,Aditya Birla Sun Life Dynamic Bond Fund - Growth - Direct Plan
119507,Aditya Birla Sun Life Dividend Yield Plus - Growth - Direct Plan
119509,Birla Sun Life Floating Rate - Long Term - Growth - Direct Plan
119511,Aditya Birla Sun Life Floating Rate - Short Term - Growth - Direct Plan
119514,Aditya Birla Sun Life Infrastructure Fund - Growth - Direct Plan
119517,Aditya Birla Sun Life International Equity Fund - Plan A - Growth - Direct Plan
119518,Aditya Birla Sun Life International Equity Fund - Plan B - Growth - Direct Plan
119520,Aditya Birla Sun Life Long Term Advantage - Growth - Direct Plan
119523,Aditya Birla Sun Life Cash Manager - Growth - Direct Plan
119526,Aditya Birla Sun Life Enhanced Arbitrage Fund - Growth - Direct Plan
119528,Aditya Birla Sun Life Frontline Equity Fund - Growth - Direct Plan
119529,Aditya Birla Sun Life Government Securities Fund - Short Term Plan - Growth - Direct Plan
119533,Aditya Birla Sun Life Short Term Fund - Growth - Direct Plan
119536,Aditya Birla Sun Life India Reforms Fund - Growth - Direct Plan
119539,Aditya Birla Sun Life Medium Term Plan - Growth - Direct Plan
119542,Sundaram Balanced Fund - Direct Plan - Growth Option
119544,Aditya Birla Sun Life Tax Relief '96 - Growth - Direct Plan
119546,Aditya Birla Sun Life Special Situations Fund - Growth - Direct Plan
119549,Sundaram Diversified Equity - A Long-term Tax Saver Fund - Direct Plan - Growth Option
119550,Aditya Birla Sun Life Treasury Optimizer Plan - Direct Plan-Growth
119555,Sundaram Select Thematic Funds Capex Opportunities -Direct Plan - Growth Option
119556,Aditya Birla Sun Life Small And Midcap Fund - Growth - Direct Plan
119559,Sundaram Select Thematic Funds Energy Opportunities -Direct Plan - Growth Option
119564,Aditya Birla Sun Life Top 100 Fund - Growth - Direct Plan
119566,Sundaram Equity Multiplier - Direct Plan - Growth Option
119568,Aditya Birla Sun Life Cash Plus - Growth - Direct Plan
119572,Sundaram Equity plus - Direct Plan - Growth Option
119576,Aditya Birla Sun Life Commodity Equities Fund - Global Agri Plan - Growth - Direct Plan
119578,Sundaram Select Focus - Direct Plan - Growth Option
119580,Birla Sun Life Commodities Equities Fund Global Multi Commodity Plan - Growth - Direct Plan
119581,Sundaram Select Mid Cap - Direct Plan - Growth Option
119584,Birla Sun Life Commodities Equities Fund Global Precious Metals Plan - Growth - Direct Plan
119586,Sundaram Select Thematic Funds PSU Opportunities -Direct Plan - Growth Option
119589,Sundaram S.M.I.L.E Fund - Direct Plan - Growth Option
119591,Aditya Birla Sun Life India Gennext Fund - Growth - Direct Plan
119592,Sundaram Growth Fund - Direct Plan - Growth Option
119593,Sundaram Growth Fund - Direct Plan - Dividend Option
119595,Sundaram Select Thematic Funds Rural India Fund - Direct Plan - Growth Option
119597,Sundaram Financial Services Opportunities Fund - Direct Plan - Growth Option
119598,SBI BLUE CHIP FUND-DIRECT PLAN -GROWTH
119599,Sundaram Entertainment Opportunities Fund -Direct Plan - Growth Option
119602,Sundaram Global Advantage - Direct Plan - Growth Option
119603,Sundaram Gilt Fund - Direct Plan - Growth Option
119605,Aditya Birla Sun Life Gilt Plus - PF Plan - Growth - Direct Plan
119609,SBI Magnum Balanced Fund - DIRECT PLAN - Growth
119612,Aditya Birla Sun Life Gilt Plus - Liquid Plan - Growth - Direct Plan
119614,Aditya Birla Sun Life Constant Maturity 10 Year Gilt Fund - Growth - Direct Plan
119618,Aditya Birla Sun Life India Opportunities Fund - Growth - Direct Plan
119620,Aditya Birla Sun Life Midcap Fund - Growth - Direct Plan
119621,Sundaram Flexible Fund - Flexible Income Plan - Direct Plan - Growth Option
119625,Sundaram BANKING AND PSU DEBT FUND- Direct Plan - Growth Option
119632,Sundaram Income Plus - Direct Plan - Growth Option
119635,Sundaram Monthly Income Plan - Aggressive Plan - Direct Plan - Growth Option
119644,Sundaram Regular Savings Fund - Direct Plan - Growth Option
119646,Aditya Birla Sun Life MNC Fund - Growth - Direct Plan
119648,Aditya Birla Sun Life Index Fund - Growth - Direct Plan
119654,Sundaram Monthly Income Plan - Moderate Plan - Direct Plan - Growth Option
119657,Aditya Birla Sun Life Income Plus - Growth - Direct Plan
119659,Aditya Birla Sun Life Pure Value Fund - Growth - Direct Plan
119661,Aditya Birla Sun Life Tax Plan - Direct Plan - Growth Option
119664,Sundaram Select Debt Short Term Asset Plan - Direct Plan - Growth Option
119671,SBI Dynamic Bond Fund - DIRECT PLAN - Growth
119675,Sundaram Bond Saver - Direct Plan - Growth Option
119680,Sundaram Ultra Short - Term Fund - Direct Plan - Growth Option
119685,SBI Edge Fund - DIRECT PLAN - GROWTH
119686,Sundaram Money Fund - Direct Plan - Growth Option
119697,Sundaram Fixed Income Interval Fund- Quarterly Series-Plan A - Direct Plan - Growth
119698,Sundaram Fixed Income Interval Fund- Quarterly Series-Plan B - Direct Plan - Growth
119700,SBI INFRASTRUCTURE FUND - SERIES I - DIRECT PLAN - GROWTH
119705,SBI Magnum COMMA Fund - DIRECT PLAN - Growth
119707,SBI MAGNUM GILT FUND - LONG TERM - DIRECT PLAN - GROWTH
119709,SBI Magnum Equity Fund - DIRECT PLAN -GROWTH
119711,SBI MAGNUM GLOBAL FUND - DIRECT PLAN -GROWTH
119714,SBI Magnum Income Fund-DIRECT PLAN -Growth
119716,SBI Magnum MIDCAP FUND - DIRECT PLAN - GROWTH
119718,SBI Magnum Multicap Fund - DIRECT PLAN - Growth Option
119719,SBI Magnum Children Benefit Plan - DIRECT PLAN - GROWTH
119721,SBI Magnum Multiplier Fund -DIRECT PLAN -Growth
119723,SBI MAGNUM TAXGAIN SCHEME 1993 - DIRECT PLAN -GROWTH
119727,SBI EMERGING BUSINESSES FUND - DIRECT PLAN -GROWTH
119732,SBI PSU Fund - DIRECT PLAN - GROWTH
119735,Kotak Bond - Growth - Direct
119739,Kotak Bond Short Term Plan-(Growth) - Direct
119741,Kotak Income Opportunities Fund - Growth - Direct
119746,Kotak Floater Short Term-(Growth) - Direct
119750,Kotak Treasury Advatage Fund-Growth - Direct
119755,Kotak Flexi Debt - Growth Direct
119757,Kotak Gilt-Investment  Provident Fund and Trust-Growth - Direct
119759,Kotak Gilt-Investment Regular-Growth - Direct
119762,Kotak Gilt-Savings-Growth - Direct
119766,Kotak Liquid - Growth - Direct
119769,Kotak Classic Equity Scheme---Growth - Direct
119771,Kotak Equity Arbitrage Fund - Growth - Direct
119773,Kotak Tax Saver-Scheme-Growth - Direct
119775,Kotak Emerging Equity Scheme - Growth - Direct
119777,Kotak Asset Allocator Fund Direct Growth - Direct
119779,Kotak Global Emerging Market Fund - Growth - Direct
119781,Kotak Gold Fund Growth - Direct
119783,SBI PHARMA - DIRECT PLAN -GROWTH
119786,L&T Income Opportunities Fund- Direct Plan - Growth
119788,SBI GOLD FUND- DIRECT PLAN - GROWTH
119790,L&T Liquid Fund - Direct Plan -Growth
119795,L&T Banking and PSU Debt Fund - Direct Plan - Growth
119798,SBI CORPORATE BOND FUND - DIRECT PLAN -GROWTH
119800,SBI Premier Liquid Fund - DIRECT PLAN -Growth
119802,L&T Equity Savings Fund - Direct Plan-Growth
119807,L&T Mid Cap Fund-Direct Plan-Growth
119809,L&T Short Term Income Fund-Direct Plan-Growth
119812,SBI ULTRA SHORT TERM DEBT FUND - DIRECT PLAN - GROWTH
119816,SBI SHORT TERM DEBT FUND - DIRECT PLAN -GROWTH
119821,SBI  SAVINGS FUND - DIRECT PLAN - GROWTH
119824,SBI REGULAR SAVINGS FUNDS - DIRECT PLAN - GROWTH
119827,SBI NIFTY INDEX FUND - DIRECT PLAN - GROWTH
119828,SBI MAGNUM INSTA CASH FUND - DIRECT PLAN - GROWTH
119833,SBI MAGNUM INSTA CASH FUND - LIQUID FLOATER - DIRECT PLAN - GROWTH
119835,SBI CONTRA - DIRECT PLAN - GROWTH
119839,SBI MAGNUM MONTHLY INCOME PLAN - DIRECT PLAN - GROWTH
119843,SBI MAGNUM MONTHLY INCOME PLAN - FLOATER - DIRECT PLAN - GROWTH
119844,L&T Triple Ace Bond Fund - Direct Plan -Growth
119849,L&T Ultra Short Term Fund-Direct Plan - Growth
119852,L&T Monthly Income Plan -Direct Plan- Growth
119856,L&T Short Term Opportunities Fund -Direct Plan- Growth
119859,MOSt 10 Year Gilt Fund - Direct Plan - Growth
119861,Tata Money Market Fund- Direct Plan-Growth
119863,Tata Ultra Short Term Fund - Direct Plan - Growth
119867,JPMorgan India Equity Fund - Direct Plan - Growth Option
119869,JPMorgan India Mid and Small Cap Fund - Direct Plan - Growth Option
119871,JPMorgan India Tax Advantage Fund - Direct Plan - Growth Option
119872,JPMorgan Greater China Equity Off-shore Fund - Direct Plan - Growth Option
119874,JPMorgan EEMEA Equity Off-shore Fund - Direct Plan - Growth Option
119876,Tata Long Term Debt Fund - Direct Plan - Growth
119878,JPMorgan ASEAN Equity Off-shore Fund - Direct Plan - Growth Option
119883,JPMorgan India Active Bond Fund - Direct Plan - Growth Option
119884,Tata Fixed Income Portfolio Fund - Scheme A1 - Direct Plan - Growth
119886,ING Core Equity Fund - Direct Plan - Growth Option
119890,JPMorgan India Short Term Income Fund - Direct Plan -  Growth Option
119893,BNP Paribas Equity Fund - Direct Plan - Growth Option
119895,Tata Fixed Income Portfolio Fund - Scheme A2 - Direct Plan - Growth
119897,ING Dividend Yield Fund - Direct Plan - Growth Option
119899,Tata Fixed Income Portfolio Fund - Scheme A3 - Direct Plan - Growth
119905,JPMorgan India Liquid Fund - Direct Plan - Growth Option
119909,ING Midcap Fund - Direct Plan - Growth Option
119912,Tata Fixed Income Portfolio Fund - Scheme B2 - Direct Plan - Growth
119914,ING Large Cap Equity Fund - Direct Plan - Growth Option
119916,ING Tax Savings Fund - Direct Plan - Growth Option
119921,Tata Fixed Income Portfolio Fund - Scheme B3 - Direct Plan - Growth
119926,JPMorgan India Treasury Fund - Direct Plan - Growth Option
119930,Tata Fixed Income Portfolio Fund - Scheme C2 - Direct Plan - Growth
119935,ING Liquid Fund - Super Institutional Plan - Direct Plan - Growth Option
119936,Tata Fixed Income Portfolio Fund - Scheme C3 - Direct Plan - Growth
119939,ING Treasury Advantage Fund - Institutional Plan - Direct Plan - Growth Option
119944,Tata Gilt Mid Term Fund - Direct Plan - Growth
119947,DHFL Pramerica Credit Opportunities Fund - Direct Plan- Growth Option
119949,Tata Short Term Bond Fund - Direct Plan - Growth
119952,Tata Floating Rate Fund - Long Term Plan - Direct Plan- Growth
119953,Tata Gilt Securities Fund- Direct Plan - Growth
119955,Tata Gilt Short Maturity Fund - Direct Plan - Growth
119960,Tata Regular Savings Equity Fund- Direct Plan- Growth
119964,ING Income Fund - Regular Plan - Direct Plan - Growth Option
119966,ING Gilt Fund- Provident Fund -Dynamic Plan - Direct Plan - Growth Option
119970,ING Gilt Fund- Provident Fund -Dynamic Plan - Direct Plan - Growth Auto Income Payout Option
119974,ING MIP Fund - Direct Plan - Growth Option
119977,Tata MIP Plus Fund - Direct Plan - Growth
119979,ING Balanced Fund - Direct Plan - Growth Option
119981,ING Short Term Income Fund - Direct Plan - Growth Option
119984,BNP Paribas Corporate Bond Fund - Direct Plan - Growth Option
119988,BNP Paribas Dividend Yield Fund - Direct Plan - Growth Option
119989,ING Asset Allocator Multi-Manager FoF Scheme - Direct Plan - Growth Option
119992,BNP Paribas Flexi Debt Fund - Direct Plan - Growth Option
119998,ING Active Debt Multi-Manager FoF Scheme - Direct Plan - Growth Option
120000,BNP Paribas Income And Gold Fund - Direct Plan - Growth Option
120002,BNP Paribas Mid Cap Fund - Direct Plan - Growth Option
120003,ING Income Growth Multi Manager FoF Scheme - 15% Equity Plan -  Direct Plan - Option A - Growth Option
120004,ING Income Growth Multi Manager FoF Scheme - 15% Equity Plan - Direct Plan - Option A- Dividend Option
120005,ING 5 Star Multi Manager FoF Scheme - Direct Plan - Growth Option
120008,BNP Paribas Money Plus Fund - Direct Plan - Growth Option
120013,ING Global Commodities Fund - Direct plan - Growth Option
120016,ING Multi Manager Equity Fund - Direct Plan - Option A -  Growth  Option
120017,ING Global Real Estate Fund - Retail Plan - Direct Plan - Growth Option
120019,ING Latin America Equity Fund - Direct Plan - Growth Option
120022,ING Financial Planning Fund - Conservative Plan - Direct Plan - Growth Option
120024,ING Financial Planning Fund - Prudent Plan - Direct Plan - Growth Option
120025,ING Financial Planning Fund - Aggressive Plan - Direct Plan - Growth Option
120027,ING Financial Planning Fund - Cautious Plan - Direct Plan - Growth Option
120030,HSBC Large Cap Equity Fund - Growth Direct
120031,ING Income Growth Multi Manager FoF Scheme - 30% Equity Plan - Direct Plan - Option A - Dividend Option
120032,ING Income Growth Multi Manager FoF Scheme - 30% Equity Plan -Direct Plan - Option A -  Growth Option
120034,HSBC Infrastructure Equity Fund - Growth Direct
120035,HSBC Brazil Fund - Growth Direct
120038,HSBC Cash Fund -  Growth Direct
120042,HSBC Dynamic Asset Allocation Fund-Growth Direct
120043,HSBC Global Emerging Market Fund - Growth Direct
120046,HSBC Multi Cap Equity Fund - Growth Direct
120048,HSBC Flexi Debt Fund - Growth Direct
120054,HSBC Floating Rate Fund - Long Term Plan - Growth Direct
120057,HSBC Gilt Fund - Growth Direct
120059,HSBC Debt Fund - Growth Direct
120062,HSBC Short Duration Fund - Growth Direct
120066,HSBC Low Duration Fund - Growth Direct
120069,HSBC Small Cap Equity Fund - Growth Direct
120072,HSBC MIP-Regular Plan-Growth Direct
120073,HSBC Regular Savings Plan-Growth Direct
120077,HSBC - Small Cap Fund - Growth Direct
120079,HSBC Tax Saver Equity Fund - Growth Direct
120081,HSBC Dividend Yield Equity Fund-Growth Direct
120082,BNP Paribas Monthly Income Plan - Direct Plan - Growth Option
120084,DHFL Pramerica Dynamic Bond Fund - Direct Plan-Growth Option
120088,DHFL Pramerica Dynamic Asset Allocation Fund - Direct Plan-Growth Option
120098,DHFL Pramerica Dynamic Monthly Income Fund - Direct Plan-Growth Option
120100,DHFL Pramerica Large Cap Equity Fund - Direct Plan-Growth Option
120104,DHFL Pramerica Liquid Fund - Direct Plan-Growth Option
120108,DHFL PRAMERICA SHORT TERM FLOATING RATE FUND - DIRECT PLAN - GROWTH OPTION
120113,DHFL Pramerica Short Term Income Fund - Direct Plan-Growth Option
120119,DHFL Pramerica Treasury Advantage Fund - Direct Plan-Growth Option
120123,BNP Paribas Overnight Fund - Direct Plan - Growth Option
120129,DHFL Pramerica Ultra Short Term Bond Fund - Direct Plan-Growth Option
120131,BNP Paribas Short Term Income Fund - Direct Plan - Growth Option
120137,SBI MAGNUM GILT FUND - SHORT TERM - DIRECT PLAN - GROWTH
120147,BNP Paribas Long Term Equity Fund - Direct Plan - Growth Option
120152,Kotak 50 - Growth - Direct
120154,Kotak Monthly Income Plan - Growth - Direct
120158,Kotak Opportunities---Growth - Direct
120160,Kotak Multi Asset Allocation Fund-Growth - Direct
120164,Kotak-Mid-Cap-Growth - Direct
120166,Kotak Select Focus Fund - Growth - Direct
120168,Kotak Quarterly Interval Plan Series 1 - Growth - Direct
120170,Kotak Quarterly Interval Plan Series 2 - Growth - Direct
120172,Kotak Quarterly Interval Plan Series 3 - Growth - Direct
120174,Kotak Quarterly Interval Plan Series 4 - Growth - Direct
120176,Kotak Quarterly Interval Plan Series 5-Growth - Direct
120186,ICICI Prudential US Bluechip Equity Fund - Direct Plan -  Growth
120197,ICICI Prudential Liquid - Direct Plan -  Growth
120211,ICICI Prudential Money Market Fund Option - Direct Plan -  Growth
120225,Kotak Quarterly Interval Plan Series 6 - Growth - Direct
120228,Kotak Quarterly Interval Plan Series 7 - Growth - Direct
120230,Kotak Quarterly Interval Plan Series 8 - Growth - Direct
120233,Kotak Quarterly Interval Plan Series 9 - Growth - Direct
120238,Kotak Quarterly Interval Plan Series 10 - Growth - Direct
120242,ICICI Prudential Advisor Series Long Term Saving Plan - Direct Plan - Growth
120244,ICICI Prudential Banking and Financial Services Fund - Direct Plan -  Growth
120246,Sahara Income Fund-Growth-Direct
120249,LIC MF Liquid Fund-Direct Plan-Growth
120251,ICICI Prudential Equity & Debt Fund - Direct Plan - Growth
120256,ICICI Prudential Banking and PSU Debt Fund - Direct Plan -  Growth
120261,LIC MF Balanced Fund-Direct Plan-Growth
120262,Sahara Liquid Fund-Fixed Pricing - Direct -Growth option
120264,LIC MF Equity Fund-Direct Plan-Growth
120267,LIC MF Growth Fund-Direct Plan-Growth
120268,LIC MF Growth Fund-Direct Plan-Dividend
120270,LIC MF Tax Plan-Direct Plan-Growth
120276,LIC MF Monthly Income Plan-Direct Plan-Growth
120279,LIC MF Bond Fund-Direct Plan-Growth
120280,Sahara Liquid Fund-Variable Pricing -Direct - Growth option
120282,LIC MF Govt. Securities Fund-Direct Plan-Growth
120284,Sahara Gilt Fund-Growth - Direct
120285,LIC MF Children's Gift Fund-Direct Plan-Growth
120288,Sahara Growth Fund-Dividend- Direct
120289,Sahara Growth Fund-Growth- Direct
120291,SaharaTax Gain-Growth- direct
120294,Religare Invesco AGILE Fund - Direct Plan - Growth Option
120297,Sahara Midcap Fund-Growth Option - Direct
120299,UTI MMF - Instn Growth Plan -Direct
120300,ICICI Prudential Blended Plan B - Direct Plan -  Growth Option - I
120304,UTI-  Liquid Fund-Cash Plan-Inst Growth Direct
120306,LIC  MF Index Fund-Sensex Advantage-Direct Plan Growth Option
120307,LIC MF Index Fund-Nifty Plan-Direct Plan-Growth
120308,LIC MF Index Fund-Sensex Plan-Direct Plan-Growth
120310,ICICI Prudential Blended Plan A-Direct Plan -  Growth
120313,ICICI Prudential Cautious - Direct Plan -  Growth
120315,LIC MF Savings Plus Fund-Direct Plan-Growth
120320,LIC NOMURA MF Floating Rate Fund - Short Term Plan - Direct Plan Growth option
120323,ICICI Prudential Value Discovery Fund - Direct Plan - Growth
120324,LIC NOMURA MF Floater MIP - Direct Plan-Growth Option
120329,LIC NOMURA MF Opportunities Fund-Direct Plan Growth option
120331,LIC NOMURA MF INDIA VISION FUND - Direct Plan GROWTH OPTION
120333,Invesco India Dynamic Equity Fund - Direct Plan - Growth
120334,ICICI Prudential Dynamic - Direct Plan -  Growth
120338,LIC MF Income Plus Fund-Direct Plan-Growth
120340,Sahara Wealth Plus Fund-Fixed Pricing Option-Direct-Growth
120343,LIC NOMURA MF SYSTEMATIC ASSET ALLOCATION FUND - Direct Plan GROWTH OPTION
120345,Sahara Wealth Plus Fund-Variable Pricing Option-Direct-Growth
120347,LIC NOMURA MF TOP 100 FUND - Direct Plan GROWTH OPTION
120348,Invesco India Contra Fund - Direct Plan - Growth
120351,LIC MF Infrastructure Fund-Direct Plan-Growth
120353,Sahara Infrastructure Fund ---FIXED PRICING OPTION-Direct-Growth
120355,Sahara Infrastructure Fund ---VARIABLE PRICING OPTION-Direct-Growth
120356,Invesco India Growth Opportunities Fund - Direct Plan - Dividend
120357,Invesco India Growth Opportunities Fund - Direct Plan - Growth
120361,Sahara R.E.A.L Fund - Growth  Fund- Direct
120364,ICICI Prudential Equity Arbitrage Fund - Direct Plan - Growth
120368,Sahara Classic Fund- Growth Option- Direct
120371,Sahara Power & Natural resources Fund- Growth - Direct
120373,SAHARA BANKING & FINANCIAL SERVICES FUND- GROWTH - Direct
120377,ICICI Prudential Balanced Advantage Fund - Direct Plan -  Growth
120379,SAHARA SHORT TERM BOND FUND-GROWTH- Direct
120381,ICICI Prudential MidCap Fund - Direct Plan -  Growth
120382,Sahara Super 20 Fund - Growth - Direct
120385,Invesco India Financial Services Fund - Direct Plan - Growth
120386,Sahara Star Value Fund-Growth - Direct
120389,Axis Liquid Fund - Direct Plan - Growth Option
120392,Invesco India Largecap Fund - Direct Plan - Growth
120395,Invesco India PSU Equity Fund - Direct Plan - Growth
120398,ICICI Prudential Flexible Income - Direct Plan -  Growth
120401,Invesco India Arbitrage Fund - Direct Plan - Growth Option
120403,Invesco India Midcap Fund - Direct Plan - Growth Option
120405,Invesco India Infrastructure Fund - Direct Pan - Growth Option
120406,JM High Liquidity Fund (Direct) - Growth Option
120413,Invesco India Multicap Fund - Direct Plan - Growth Option
120415,JM Floater Short Term Fund (Direct) - Growth Option
120416,Invesco India Tax Plan - Direct Plan - Growth
120421,JM G-Sec Fund - (Direct) - Growth Option
120425,ICICI Prudential Savings Fund - Direct Plan - Growth
120430,JM Income Fund (Direct) - Growth Option
120435,JM Floater Long Term Fund - (Direct) - Growth Option
120438,Axis Banking & PSU Debt Fund - Direct Plan - Growth Option
120444,Invesco India Banking & PSU Debt Fund - Direct Plan -  Growth Option
120446,JM MIP Fund (Direct) - Growth Option
120447,Axis Constatnt Maturity 10 Year Fund - Direct Plan - Growth Option
120451,Axis Dynamic Bond Fund - Direct Plan - Growth Option
120458,JM Money Manager Fund - Regular Plan (Direct) - Growth Option
120461,JM Money Manager Fund - Super Plus Plan (Direct) - Growth Option
120463,JM Money Manager Fund - Super Plan (Direct) - Growth Option
120465,Axis Equity Fund - Direct Plan - Growth
120468,Axis Focused 25 Fund - Direct Plan - Growth Option
120471,JM Short Term Fund (Direct) - Growth Option
120473,Axis Gold Fund - Direct Plan - Growth option
120475,Axis Regular Savings Fund - Direct Plan - Growth Option
120480,Axis Income Saver - Direct Plan - Growth Option
120482,JM Arbitrage Advantage Fund (Direct) - Growth Option
120484,JM Balanced Fund (Direct) - Growth Option
120486,JM Basic Fund (Direct) - Growth Option
120488,JM Core 11 Fund (Direct)  - Growth Option
120490,JM Equity Fund (Direct) - Growth Option
120492,JM Multi Strategy Fund (Direct) - Growth Option
120494,JM Tax Gain Fund (Direct) - Growth Option
120497,Invesco India Corporate Bond Fund - Direct Plan - Growth
120503,Axis Long Term Equity Fund - Direct Plan - Growth Option
120505,Axis Midcap Fund - Direct Plan - Growth
120507,Invesco India Money Market Fund - Direct Plan - Growth
120510,Axis Short Term Fund - Direct Plan - Growth Option
120513,Axis Treasury Advantage Fund - Direct Plan - Growth Option
120517,Aditya Birla Sun Life Balanced '95 Fund - Direct Plan-Growth
120520,Invesco India Gilt Fund - Direct  Plan - Growth
120524,Axis Triple Advantage Fund - Direct Plan - Growth Option
120525,Religare Invesco GILT Fund - Short Duration Plan - Direct Plan - Growth
120529,Aditya Birla Sun Life Buy India Fund - Growth - Direct Plan
120531,Invesco India Gold Fund - Direct Plan- - Growth
120533,Aditya Birla Sun Life Banking & PSU Debt Fund - Growth - Direct Plan
120537,Invesco India Liquid Fund - Direct Plan - Growth
120539,Aditya Birla Sun Life New Millennium Fund - Growth - Direct Plan
120541,Invesco India Ultra Short Term Fund - Direct Plan - Growth
120546,Aditya Birla Sun Life Gold Fund - Growth - Direct Plan
120548,Aditya Birla Sun Life MIP II - Savings 5 Plan - Monthly Growth /Payment - Direct Plan
120552,Religare Invesco Monthly Income Plan - Direct Plan - Growth Option
120554,Invesco India Regular Savings Fund - Direct Plan  - Growth
120557,Religare Invesco Overnight Fund - Direct Plan - Growth
120560,Invesco India Short Term Fund - Direct Plan - Growth
120564,Aditya Birla Sun Life Equity Fund - Growth - Direct Plan
120570,Invesco India Treasury Advantage Fund - Direct Plan - Growth
120572,Aditya Birla Sun Life Monthly Income - Growth - Direct Plan
120575,SBI FMCG FUND - DIRECT PLAN - GROWTH
120578,SBI IT FUND - DIRECT PLAN - GROWTH
120582,ICICI Prudential Dynamic Bond Fund - Direct Plan -  Growth
120586,ICICI Prudential Focused Bluechip Equity Fund - Direct Plan -  Growth
120587,ICICI Prudential FMCG Fund - Direct Plan -  Growth
120590,ICICI Prudential Long Term Gilt Fund - Direct Plan - Growth
120591,ICICI Prudential Indo Asia Equity Fund - Direct Plan -  Growth
120592,ICICI Prudential Long Term Equity Fund (Tax Saving) - Direct Plan -  Growth
120594,ICICI Prudential Technology Fund - Direct Plan -  Growth
120596,ICICI Prudential Top 100 Fund - Direct Plan -  Growth
120599,ICICI Prudential Multicap Fund - Direct Plan -  Growth
120603,ICICI Prudential Long Term - Direct Plan -  Growth
120605,ICICI Prudential Gilt Fund Investment Plan PF Option - Direct Plan -Growth Option
120608,ICICI Prudential Short Term Gilt Fund - Direct Plan -  Growth
120611,ICICI Prudential Gilt Fund Treasury Plan PF Option - Direct Plan -Growth Option
120616,ICICI Prudential MIP - 25 - Direct Plan -  Growth
120619,ICICI Prudential Income Opportunities Fund - Direct Plan -  Growth
120621,ICICI Prudential Infrastructure Fund - Direct Plan -  Growth
120623,ICICI Prudential Interval Fund IV Quarterly Interval Plan B - Direct Plan -  Growth
120625,ICICI Prudential Interval Fund Annual Interval Plan I - Direct Plan -  Growth
120627,ICICI Prudential Interval Fund Annual Interval Plan II - Direct Plan -  Growth
120629,ICICI Prudential Interval Fund Annual Interval Plan III - Direct Plan -  Growth
120631,ICICI Prudential Interval Fund Annual Interval Plan IV - Direct Plan -  Growth
120633,ICICI Prudential Interval Fund Half Yearly Interval Plan II - Direct Plan -  Growth
120636,ICICI Prudential Interval Fund Monthly Interval Plan I - Direct Plan -  Growth
120638,ICICI Prudential Interval Fund Quarterly Interval Plan 1 - Direct Plan -  Growth
120639,ICICI Prudential Interval Fund II Quarterly Interval - Direct Plan -  Growth
120642,ICICI Prudential Interval Fund II Quarterly Interval Plan A - Direct Plan -  Growth
120643,ICICI Prudential Interval Fund II Quarterly Interval Plan B - Direct Plan -  Growth
120646,ICICI Prudential Interval Fund II Quarterly Interval Plan C - Direct Plan -  Growth
120649,ICICI Prudential Interval Fund II Quarterly Interval Plan D - Direct Plan - Growth
120652,ICICI Prudential Interval Fund II Quarterly Interval Plan F - Direct Plan -  Growth
120655,ICICI Prudential Interval Fund III Quarterly Interval - Direct Plan -  Growth
120656,UTI - Master Share-Growth Option - Direct
120658,UTI - Master Plus Unit Scheme-Growth Option - Direct
120661,ICICI Prudential Interval Fund V Monthly Interval Plan A - Direct Plan - Growth
120662,UTI - Equity Fund-Growth Option - Direct
120665,UTI - TOP 100 Fund- Growth Option - Direct
120668,ICICI Prudential MIP - Direct Plan -  Growth
120670,ICICI Prudential Corporate Bond Fund - Direct Plan -  Growth
120674,UTI - Balanced Fund-Growth - Direct
120676,ICICI Prudential Regular Income Fund - Direct Plan -  Growth
120679,ICICI Prudential Moderate - Direct Plan -  Growth
120682,UTI - MNC Fund (UGS 10000)-Growth Option - Direct
120684,ICICI Prudential Nifty Next 50 Index Fund - Direct Plan -  Growth
120685,ICICI Prudential Regular Gold Savings Fund - Direct Plan -  Growth
120688,ICICI Prudential Exports and Other Services Fund - Direct Plan - Growth
120689,UTI Bond Fund-Growth - Direct
120692,ICICI Prudential Ultra Short Term - Direct Plan -  Growth
120699,UTI - Master Value Fund-Growth Option-Direct
120700,ICICI Prudential Very Aggressive - Direct Plan -  Growth
120702,ICICI Prudential Dynamic Accrual Plan - Direct Plan -  Growth
120704,Aditya Birla Sun Life MIP - Direct Plan - Growth
120705,Aditya Birla Sun Life MIP II - Wealth 25 Plan - Growth / Payment - Direct Plan
120706,Aditya Birla Sun Life MIP II - Savings 5 Plan - Growth / Payment - Direct Plan
120711,ICICI Prudential Regular Savings Fund - Direct Plan -  Growth
120715,UTI - Long Term Equity Fund (Tax Saving) - Direct Plan - Growth Option
120716,UTI - NIFTY Index Fund-Growth Option- Direct
120718,UTI - Short Term Income Fund -Institutional Growth Option- Direct
120722,ICICI Prudential Select Large Cap Fund - Direct Plan -  Growth
120724,UTI CCP Advantage Fund - Growth- Direct
120726,UTI Mid Cap Fund-Growth Option- Direct
120728,UTI Infrastructure Fund-Growth Option- Direct
120731,UTI-Transpotation and Logistics  Fund-Growth Option- Direct
120733,UTI Banking Sector Fund-Growth Option- Direct
120735,UTI - Treasury Advantage Fund - Institutional-Growth- Direct
120743,ICICI Prudential Income - Direct Plan - Growth
120746,UTI - FLOATING RATE STP-GROWTH-direct
120749,UTI-Dividend Yield Fund.-Growth-Direct
120751,UTI Opportunities Fund-Growth Option-Direct
120754,ICICI Prudential Short Term - Direct Plan - Growth Option
120757,UTI Bluechip Flexicap Fund - Direct Plan - Growth Option
120759,UTI Contra Fund-Growth-Growth Option-Direct
120760,UTI - Wealth Builder Fund - Growth Option-Direct
120762,UTI Dynamic Bond Fund - Direct Plan - Growth Option
120764,UTI Income Opportunities Fund  - Growth Option-Direct
120767,UTI Services Industries Fund-Growth Option- Direct
120770,UTI Energy Fund-Growth Option-Direct
120773,UTI Smart Woman Savings Plan - Growth Option- Direct
120776,UTI - MIS-Growth-Direct
120779,UTI - MIS-ADVANTAGE-GROWTH-Direct
120782,UTI Pharma & Healthcare Fund-Growth Option- Direct
120785,UTI - G-Sec Fund-STP Growth- Direct
120788,UTI - CRTS 81 - Growth Option- Direct
120792,UTI - GILT ADVANTAGE-LONG TERM-GROWTH- Direct
120795,UTI Spread Fund - Growth Option- Direct
120799,Reliance Yearly Interval Fund - Series 1 - Direct Plan - Growth Plan - Growth Option
120819,Escorts Balanced Fund-Growth Option-Direct Plan
120821,Escorts Gilt Plan-GROWTH OPTION-Direct Plan
120822,Escorts Growth Plan-DIVIDEND OPTION-Direct Plan
120823,Escorts Growth Plan-GROWTH OPTION-Direct Plan
120826,Escorts High Yield Equity Plan - Growth Option-Direct Plan
120828,Escorts Income Bond-Growth Option-Direct Plan
120830,Escorts Income Plan-Growth Option-Direct Plan
120833,Escorts Infrastructure Fund - Growth Option-Direct Plan
120834,Escorts Leading Sectors Fund - Growth Option-Direct Plan
120837,Escorts Liquid Plan-Growth Option-Direct Plan
120841,Escorts Opportunities Fund-Growth Option-Direct Plan
120843,Escorts Power & Energy Fund - Growth Option-Direct Plan
120845,Escorts Short Term Debt Fund-Growth Option-Direct Plan
120847,Escorts Tax Plan-Growth Option-Direct Plan
120955,Reliance Yearly Interval Fund - Series 2 - Direct Plan - Growth Plan - Growth Option
121153,Indiabulls Income Fund - Direct Plan - Growth Option
121268,DWS Banking and PSU Debt fund- Direct Plan-Growth
121279,IDFC Banking & PSU Debt Fund-Direct Plan- Growth Option
121624,Morgan Stanley Gilt Fund - Direct Growth
121662,SAHARA INTERVAL FUND QUARTERLY PLAN-SERIES 1 GROWTH Option - Direct
121701,Reliance Yearly Interval Fund - Series 5 - Direct Plan - Growth Plan - Growth Option
122374,BNP Paribas Government Securities Fund - Direct Plan - Growth Option
122389,MOF25- Direct Plan Growth Option
122639,Parag Parikh Long Term Equity Fund - Direct Plan - Growth
122646,Aditya Birla Sun Life Floating Rate Fund-Long Term Plan-Direct Plan-Growth
122653,Reliance Yearly Interval Fund - Series 8 - Direct Plan - Growth Plan - Growth Option
122715,IIFL Dynamic Bond Fund Direct Plan Growth
122726,Reliance Yearly Interval Fund - Series 9 - Direct Plan - Growth Plan - Growth Option
123012,JPMorgan US Value Equity Offshore Fund - Direct Plan - Growth Option
123141,Morgan Stanley Ultra Short Term Fund-Direct Growth
123637,IDBI Equity Advantage Fund - Growth Direct
123654,ICICI Prudential Global Stable Equity Fund - Direct - Growth
123693,Kotak Banking and PSU Debt Direct - Growth
123704,Indiabulls Short Term Fund - Direct Plan - Growth Option
123905,JPMorgan India Banking and PSU Debt Fund - Direct Plan - Growth Option
124091,IIFL SHORT TERM INCOME FUND DIRECT PLAN  GROWTH OPTION
124175,DSP BlackRock Banking & PSU Debt Fund - Direct Plan - Growth
124234,MOFUSTF -Direct Plan- Growth
124679,Reliance Interval Fund - II - Series 1 -Direct Plan -Growth Option
124749,Reliance Interval Fund - II - Series 2 - Direct Plan - Growth Plan - Growth Option
124753,Reliance Interval Fund - II - Series 3 - Direct Plan - Growth Plan - Growth Option
124876,Reliance Interval Fund - II - Series 4-Direct Plan-Growth Plan -Growth Option
125307,DHFL Pramerica Midcap Opportunities Fund - Direct Plan - Growth Option
125345,IIFL LIQUID FUND DIRECT PLAN  GROWTH
125383,PineBridge India - US Equity Fund - Direct Plan - Growth option
125497,SBI Small & Midcap - Direct Plan - Growth
125503,SBI Treasury Advantage Fund - Direct Plan - Growth
125510,SBI Benchmark Gsec Fund - Direct Plan- Growth Option
125597,Aditya Birla Sun Life Banking and Financial Services Fund - Direct Plan - Growth
125785,Birla Sun Life Fixed Term Plan - Series JE (368 days) - Direct Plan-Growth
126353,Invesco India Feeder - Invesco Pan European Equity Fund - Direct Plan - Growth Option
126393,DSP BlackRock Dynamic Asset Allocation Fund - Direct Plan - Growth
126455,DWS Inflation Indexed Bond Fund - Direct Plan - Growth
126619,JPMorgan Europe Dynamic Equity Offshore Fund - Growth Option - Direct Plan
126646,UTI FTIF Series XVII -VII (465 DAYS)- Growth Option - Direct
126685,Canara Robeco Medium Term Opportunities Fund - Direct Plan - Growth
126940,UTI Banking & PSU Debt Fund- Growth Option - Direct
127042,MOF30-Direct Plan-Growth Option
127071,HSBC Asia Pacific (Ex Japan) Dividend Yield Fund - Growth Direct
127093,DWS FIXED MATURITY PLAN - SERIES 47 - DIRECT PLAN -GROWTH
127152,JPMorgan India Government Securities Fund - Direct Plan - Growth Option
127181,IDBI Credit Risk Fund Growth Direct
127305,BNP Paribas Medium Term Income Fund - Direct Plan - Growth Option
127423,DWS Medium Term Income Fund- Direct Plan- Growth
127850,BOIAXAEQUITY DEBT REBALANCER FUND DIRECT PLAN  GROWTH
127967,DHFL Pramerica Income Fund - Direct Plan- Growth Option
128006,Kotak Medium Term Fund - Direct Growth
128051,HDFC Corporate Debt Opportunities Fund - Direct Option - Growth Option
128236,IDBI DIVERSIFIED EQUITY FUND Growth Direct
128629,HDFC BANKING AND PSU DEBT FUND - Direct Plan - Growth Option
129008,Franklin India Banking & PSU Debt Fund - Direct - Growth
129046,MOF35-Direct Plan-Growth Option
129052,HDFC ARBITRAGE FUND WHOLESALE PLAN GROWTH OPTION DIRECT PLAN
129188,Invesco India Feeder - Invesco Global Equity Income Fund - Direct Plan - Growth
129193,HSBC Managed Solutions - Moderate - Growth Direct
129197,HSBC Managed Solutions - Convervative - Growth Direct
129200,HSBC Managed Solutions - Growth - Growth Direct
129201,HSBC Managed Solutions - Growth - Dividend Direct
129212,Sundaram Infrastructure Advantage Fund (Erstwhile Sundaram Capex Opportunities) Direct Plan Growth
129220,L&T Emerging Businesses Fund - Direct Plan - Growth
129312,ICICI Prudential Dividend Yield Equity Fund Direct Plan Growth Option
129440,Franklin India Feeder - Franklin European Growth Fund - Direct - Growth
129441,Franklin India Feeder - Franklin European Growth Fund - Direct - Dividend
129649,Union Small Cap Fund - Direct Plan - Growth Option
129725,Principal Index Fund- Midcap- Direct Plan - Growth
129987,JPMorgan India Top 100 Fund - Direct Plan - Growth Option
130050,Reliance Corporate Bond Fund - Direct Plan - Growth Option
130206,Edelweiss Arbitrage Fund- Direct Plan- Growth Option
130268,JPMorgan Emerging Markets Opportunities Equity Offshore Fund - Direct Plan - Growth Option
130314,Axis Fixed Income Opportunities Fund - Direct Plan - Growth
130450,L&T Arbitrage Opportunities Fund - Direct Plan - Growth
130479,BNP PARIBAS OVERNIGHT FUND -- DIRECT PLAN - GROWTH OPTION
130493,DSP BlackRock Global Allocation Fund - Direct Plan - Growth
130498,HDFC Large Cap Fund - Direct Growth Plan
130503,HDFC Small Cap Fund - Direct Growth Plan
130543,HDFC Dynamic PE Ratio Fund of Funds - Direct Growth
130555,HDFC Inflation Indexed Bond Fund - Direct Growth
130722,Invesco India Credit Risk Fund - Direct Plan - Growth
130773,Axis Enhanced Arbitrage Fund - Direct Plan - Growth
130825,L&T Business Cycles Fund - Direct Plan - Growth
130860,Reliance Japan Equity Fund- Direct Plan- Growth Plan- Growth Option
130861,Reliance Japan Equity Fund- Direct Plan- Growth Plan- Bonus Option
130994,DWS Arbitrage Fund - Direct Plan - Growth
131061,ICICI Prudential Constant Maturity Gilt Fund - Direct Plan - Growth
131136,DWS Corporate Debt Opportunities Fund - Direct Plan - Growth
131164,UTI Multi Cap Fund - Growth Option - Direct
131219,JPMorgan India Corporate Debt Opportunities Fund - Direct Plan - Growth Option
131301,DSP BlackRock 10Y G-Sec Fund - Direct Plan - Growth
131355,IDFC DEF_Direct Plan_Growth
131373,Kotak Equity Savings Fund - Direct - Growth
131412,JPMorgan India Equity Income Fund - Direct Plan - Growth Option
131580,IIFL India Growth Fund-Direct Plan-Growth
131581,IIFL India Growth Fund - Direct Plan - Dividend
131670,Aditya Birla Sun Life Balanced Advantage Fund - Direct Plan - Growth Option
131739,Aditya Birla Sun Life Tax Savings Fund - Direct Plan - Growth Option
131865,Aditya Birla Sun Life Asset Allocator Multi Manager FoF Scheme - Direct Plan - Growth Option
131898,Aditya Birla Sun Life Active Debt Multi Manager FoF Scheme - Direct Plan - Growth Option
131901,Aditya Birla Sun Life 5 Star Multi Manager FoF Scheme - Direct Plan - Growth Option
132009,Aditya Birla Sun Life Global Real Estate Fund - Retail Plan - Direct Plan - Growth Option
132120,Aditya Birla Sun Life Latin America Equity Fund - Direct Plan - Growth Option
132140,Aditya Birla Sun Life Global Commodities Fund - Direct plan - Growth Option
132183,Aditya Birla Sun Life Financial Planning Fund - Conservative Plan - Direct Plan - Growth Option
132185,Aditya Birla Sun Life Financial Planning Fund - Prudent Plan - Direct Plan - Growth Option
132186,Aditya Birla Sun Life Financial Planning Fund - Aggressive Plan - Direct Plan - Growth Option
132756,Tata India Tax Savings Fund-Growth-Direct Plan
132783,SBI INFLATION INDEXED BOND FUND - DIRECT PLAN - GROWTH
132989,Franklin India Multi - Asset Solution Fund - Growth Plan - Direct
132995,Aditya Birla Sun Life Equity Savings Fund - Direct Plan - Growth
133035,Kotak Balance - Direct Growth
133181,Indiabulls Arbitrage Fund - Direct Plan - Growth Option
133265,Reliance Gilt Securities Fund- Direct Plan- Growth Plan- Bonus Option
133386,MOFLTE - Direct Plan - Growth Option
133489,JPMorgan India Economic Resurgence Fund - Direct Plan - Growth Option
133516,Aditya Birla Sun Life Manufacturing Equity Fund - Direct Plan - Growth
133568,Reliance Retirement Fund- Wealth Creation Scheme- Direct Plan- Growth Plan - Growth Option
133569,Reliance Retirement Fund- Income Generation Scheme- Direct Plan- Growth Plan - Growth Option
133604,L&T Resurgent India Corporate Bond Fund - Direct Plan - Growth
133629,Reliance Retirement Fund- Income Generation Scheme- Direct Plan-Growth Plan- Bonus Option
133630,Reliance Retirement Fund- Wealth Creation Scheme- Direct Plan-Growth Plan- Bonus Option
133710,LIC MF Midcap Fund-Direct Plan-Growth
133714,HSBC Global Consumer Opportunities Fund - Growth Direct
133791,Kotak Corporate Bond Fund- Direct Plan- Growth Option
133801,Kotak Infrastructure & Economic Reform Fund- Direct Plan- Growth Option
133810,Kotak Low Duration Fund- Direct Plan- Growth Option
133816,Kotak World Gold Fund- Direct Plan- Growth Option
133831,Kotak US Equity Fund - Direct Plan - Growth option
133839,DHFL Pramerica Diversified Equity Fund - Direct Plan - Growth Option
133859,SBI BANKING & FINANCIAL SERVICES FUND - DIRECT PLAN - GROWTH
133925,DSP BlackRock Low Duration Fund - Direct Plan - Growth
134017,LIC MF Banking and Financial Services Fund-Direct Plan-Growth
134045,Baroda Pioneer ELSS 96 Plan B(Direct) -Growth Option
134110,SBI Dynamic Asset Allocation Fund - Direct Plan - Growth
134150,JPMorgan India Balanced Advantage Fund - Direct Plan - Growth Option
134363,Sundaram Banking & PSU Debt Fund - Direct Growth
134387,Aditya Birla Sun Life Corporate Bond Fund - Direct Plan - Growth
134494,Quantum Dynamic Bond Fund - Direct Plan Growth Option
134503,UTI Medium Term Fund - Direct Plan - Growth Option
134547,Reliance Banking  & PSU Debt Fund- Direct Plan-Growth Plan- Growth Option
134552,Reliance Banking  & PSU Debt Fund- Direct Plan-Growth Plan- Bonus Option
134594,Reliance Equity Savings Fund- Direct Plan- Growth Plan-Growth Option
134595,Reliance Equity Savings Fund- Direct Plan- Growth Plan- Bonus Option
134643,SBI Equity Savings Fund - Direct Plan - Growth
134813,Mirae Asset Hybrid-Equity Fund -Direct Plan-Growth
134923,Reliance US Equity Opportunites Fund- Direct Plan- Growth Plan- Growth Option
135120,Axis Equity Saver Fund - Direct Plan - Growth
135341,Indiabulls Value Discovery Fund - Direct Plan - Growth Option
135601,DHFL Pramerica Long Term Equity Fund - Direct Plan - Growth Option
135654,Essel Long Term Advantage Fund- Direct Plan- Growth Option
135677,Essel Large & Midcap Fund- Direct Plan- Growth Option
135689,Indiabulls Savings Income Fund-Direct Plan-Growth Option
135749,Principal Aseet Allocation Fund of Funds - Aggressive Plan - Direct Sub-Plan - Growth
135751,Principal Asset Allocation Fund of Funds - Conservative Plan - Direct Sub-Plan - Growth
135753,Principal Asset Allocation Fund of Funds - Moderate Plan - Direct Sub-Plan - Growth
135762,Axis Children's Gift Fund - Lock in - Direct Growth
135764,Axis Children's Gift Fund - without Lock in - Direct Growth
135781,Mirae Asset Tax Saver Fund-Direct Plan -Growth
135793,Tata Banking And Financial Services Fund-Direct Plan-Growth
135800,Tata Digital India Fund-Direct Plan-Growth
135805,Tata India Consumer Fund-Direct Plan-Growth
135810,Tata India Pharma & Healthcare Fund-Direct Plan-Growth
135813,Tata Resources & Energy Fund-Direct Plan-Growth
135916,IDFC CBF_Direct Plan_Growth
136567,DSP BlackRock Equity Savings Fund - Direct Plan - Growth
138270,DHFL Pramerica Short Maturity Fund - Direct Plan - Growth
138299,DHFL Pramerica Insta Cash Fund - Direct Plan - Growth
138312,DHFL Pramerica Large Cap Fund - Direct Plan - Growth
138330,DHFL Pramerica Premier Bond Fund - Direct Plan - Growth
138358,DHFL Pramerica Ultra Short Term Fund - Direct Plan - Growth
138376,DHFL Pramerica Equity Income Fund - Direct Plan - Growth
138386,DHFL Pramerica Balanced Advantage Fund - Direct Plan - Growth
138394,DHFL Pramerica Tax Plan - Direct Plan - Growth
138443,DHFL Pramerica Low Duration Fund - Direct Plan - Growth
138456,DHFL Pramerica Euro Equity Fund - Direct Plan - Growth
138464,DHFL Pramerica Income Advantage Fund - Direct Plan - Growth
138472,DHFL Pramerica Gilt Fund - Direct Plan - Growth
138509,DHFL Pramerica Short Term Floating Rate Fund - Direct Plan - Growth
138528,DHFL Pramerica Global Agribusiness Offshore Fund - Direct Plan - Growth
138564,DHFL Pramerica Banking and PSU Debt fund- Direct Plan-Growth
138659,DHFL Pramerica Inflation Indexed Bond Fund - Direct Plan - Growth
138677,DHFL Pramerica FIXED MATURITY PLAN - SERIES 47 - DIRECT PLAN -GROWTH
138693,DHFL Pramerica Medium Term Income Fund- Direct Plan- Growth
138875,DHFL Pramerica Arbitrage Fund - Direct Plan - Growth
138898,DHFL Pramerica Credit Opportunities Fund - Direct Plan - Growth
139221,Principal Arbitrage Fund - Direct Plan - Growth
139235,Canara Robeco Liquid -Unclaimed Redemption and Dividend Plan -Direct Growth Option
139257,JM High Liquidity Fund Unclaimed Redemption (Direct) Growth Plan
139258,JM High Liquidity Fund Unclaimed Dividend (Direct) Growth Plan
139259,JM High Liquidity Fund Unclaimed Redemption IEF (Direct) Growth Plan
139260,JM High Liquidity Fund Unclaimed Dividend IEF (Direct) Growth Plan
139527,BOI AXA MID & SMALL CAP EQUITY & DEBT FUND - DIRECT PLAN GROWTH
139538,Mahindra liquid Fund - Direct Plan -Growth
139781,Mahindra Mutual Fund Kar Bachat Yojana Direct Plan - Growth
139872,MOFDYNAMIC - Direct Plan - Growth Option
139971,IDBI Hybrid Equity Fund Growth Direct
140175,Edelweiss Large & Mid Cap Fund - Direct Plan - Growth Option
140196,Edelweiss Liquid Fund - Direct Plan - Growth Option
140220,Edelweiss Low Duration Fund - Direct Plan - Growth Option
140228,Edelweiss Mid Cap Fund - Direct Plan - Growth Option
140237,Edelweiss Dynamic Bond Fund - Direct Plan - Growth Option
140241,Edelweiss Tax Advantage Fund - Direct Plan - Growth Option
140243,Edelweiss Greater China Equity Off-shore Fund - Direct Plan - Growth Option
140251,Edelweiss Short Term Fund - Direct Plan -  Growth Option
140256,Edelweiss ASEAN Equity Off-shore Fund - Direct Plan - Growth Option
140274,Edelweiss US Value Equity Offshore Fund - Direct Plan - Growth Option
140286,Edelweiss Banking and PSU Debt Fund - Direct Plan - Growth Option
140296,Edelweiss Europe Dynamic Equity Offshore Fund - Growth Option - Direct Plan
140298,Edelweiss Government Securities Fund - Direct Plan - Growth Option
140327,Edelweiss Emerging Markets Opportunities Equity Offshore Fund - Direct Plan - Growth Option
140333,Edelweiss Corporate Bond Fund - Direct Plan - Growth Option
140347,Edelweiss Equity Savings Fund - Direct Plan - Growth Option
140353,Edelweiss Multi-Cap Fund - Direct Plan - Growth Option
140357,Edelweiss Balanced Advantage Fund - Direct Plan - Growth Option-deactivated
140382,IDFC Hybrid Equity Fund-Direct Plan-Growth
140386,BNP PARIBAS ENHANCED ARBITRAGE FUND-DIRECT PLAN-GROWTH OPTION
140444,Mahindra Dhan Sanchay Equity Savings Yojana -Direct Plan -Growth
140453,Sundaram Smart Nifty 100 Equal Weight Fund - Direct Plan - Growth
140461,IDBI Midcap Fund Growth Direct
140603,IDFC Credit Opportunities Fund-Direct Plan-Growth
140613,Mahindra Low Duration Bachat Yojana - Direct Plan  -Growth
140769,Mirae Asset Dynamic Bond Fund -Direct Plan -Growth
141006,BNP PARIBAS BALANCED FUND- DIRECT PLAN - GROWTH OPTION
141226,Mahindra Mutual Fund Badhat Yojana - Direct Plan - Growth
141248,Union Largecap Fund - Direct Plan - Growth Option
141475,IDBI Small Cap Fund - Growth Direct
141588,Axis Corporate Debt Opportunities Fund - Direct Plan Growth
141642,Axis Dynamic Equity Fund - Direct Plan - Growth
141808,Indiabulls Tax Savings Fund- Direct Plan- Growth Option
141813,BNP Paribas Focused 25 Equity Fund - Direct Plan - Growth Option
141877,DSP BlackRock Equal Nifty 50 Fund - Direct Plan - Growth
141920,IDBI FOCUSED 30 EQUITY FUND - Growth Direct
141925,Axis Multicap Fund - Direct Plan - Growth
142038,Union Balanced Advantage Fund - Direct Plan - Growth Option
142110,Mahindra Unnati Emerging Business Yojana - Direct Plan - Growth
142283,DSP BlackRock Arbitrage Fund - Direct - Growth
142641,Mirae Asser Short Term Fund -Direct Plan- Growth
